2025-04-26|15:00:58|bought dog|pets.com|2.00
2025-04-28|08:42:22|laptop|amazon|100.00
2025-04-28|14:14:01|cleaner|new year cleaning service|-500.00
2025-04-28|15:05:20|growns keeper|growns.co|1000.00
2025-04-28|15:08:36|water|cvs|-90.00
2025-04-29|13:25:30|LG tv 65inch|target|350.00
2025-04-30|10:10:08|wisely|year up|100.00
2025-04-30|10:11:15|tv 16inch|amazon|-20.00
2025-04-30|11:59:46|stipen|yearup|100.00
2025-03-03|10:23:11|Grocery shopping|Walmart|125.60
2025-03-07|14:45:30|Phone bill payment|AT&T|-85.00
2025-03-09|18:10:02|Dinner|Olive Garden|-45.99
2025-03-12|09:25:18|Gasoline|Shell|-40.00
2025-03-15|11:05:00|Monthly Salary|Company Inc|3000.00
2025-03-17|13:40:55|Movie tickets|AMC|-25.00
2025-03-20|16:50:21|Electric bill|Duke Energy|-120.30
2025-03-22|08:00:00|Freelance payment|Upwork|650.00
2025-03-25|19:32:10|Uber ride|Uber|-15.75
2025-03-28|12:45:00|Lunch meeting|Panera Bread|-32.20
2022-02-09|16:32:36|Laptop|Apple|-700.84
2020-12-01|16:32:36|Groceries|IKEA|187.50
2020-10-14|16:32:36|Laptop|Apple|269.18
2022-04-07|16:32:36|Concert Ticket|Target|235.25
2024-09-01|16:32:36|Laptop|Amazon|-313.37
2020-12-14|16:32:36|Groceries|Amazon|-469.13
2022-10-12|16:32:36|Laptop|Amazon|-52.92
2020-09-03|16:32:36|Concert Ticket|Delta Airlines|728.05
2024-04-07|16:32:36|LG TV 65inch|IKEA|-833.16
2024-10-30|16:32:36|Concert Ticket|Amazon|565.46
2022-05-19|16:32:36|Groceries|Amazon|912.65
2021-03-30|16:32:36|Concert Ticket|Walmart|-747.76
2024-08-20|16:32:36|Flight Ticket|Best Buy|-451.59
2021-07-15|16:32:36|Streaming Service|Best Buy|-170.27
2024-02-05|16:32:36|Concert Ticket|Kroger|170.57
2023-02-05|16:32:36|LG TV 65inch|Amazon|781.99
2023-05-03|16:32:36|LG TV 65inch|Apple|-476.89
2021-02-28|16:32:36|Medical Bill|Delta Airlines|-246.31
2023-08-28|16:32:36|Groceries|IKEA|-926.19
2020-07-17|16:32:36|Streaming Service|Amazon|-209.80
2021-12-18|16:32:36|Concert Ticket|Walmart|579.26
2024-12-19|16:32:36|Coffee Machine|Amazon|-893.04
2024-11-02|16:32:36|Flight Ticket|Best Buy|276.73
2020-09-17|16:32:36|Concert Ticket|IKEA|-531.67
2022-07-18|16:32:36|Laptop|Apple|752.08
2023-09-05|16:32:36|Coffee Machine|Apple|803.88
2024-03-05|16:32:36|Coffee Machine|Walmart|-109.59
2025-01-09|16:32:36|Streaming Service|IKEA|863.00
2022-07-08|16:32:36|LG TV 65inch|Best Buy|19.34
2024-11-27|16:32:36|Flight Ticket|Apple|196.38
2022-06-26|16:32:36|Concert Ticket|Delta Airlines|369.39
2023-05-24|16:32:36|Medical Bill|Walmart|846.87
2023-01-08|16:32:36|Coffee Machine|Best Buy|-591.87
2020-05-12|16:32:36|LG TV 65inch|Apple|657.15
2023-01-14|16:32:36|Flight Ticket|Apple|-998.70
2023-03-27|16:32:36|Flight Ticket|Delta Airlines|-464.32
2024-10-20|16:32:36|Flight Ticket|Walmart|750.16
2021-02-17|16:32:36|Concert Ticket|Delta Airlines|-567.35
2021-07-05|16:32:36|LG TV 65inch|Apple|523.58
2021-09-29|16:32:36|Concert Ticket|Kroger|-364.84
2022-04-07|16:32:36|Coffee Machine|Delta Airlines|734.90
2024-05-12|16:32:36|Coffee Machine|Apple|316.17
2020-10-18|16:32:36|Laptop|Best Buy|223.10
2021-06-14|16:32:36|Coffee Machine|IKEA|-306.56
2020-08-27|16:32:36|Groceries|Delta Airlines|39.02
2022-02-05|16:32:36|Coffee Machine|Apple|447.64
2024-01-22|16:32:36|Flight Ticket|Kroger|176.28
2021-03-20|16:32:36|Coffee Machine|IKEA|233.11
2021-08-27|16:32:36|Medical Bill|IKEA|-443.70
2024-09-09|16:32:36|Laptop|Delta Airlines|-26.69
2024-06-26|16:32:36|Medical Bill|Walmart|174.55
2023-10-01|16:32:36|LG TV 65inch|IKEA|-875.15
2024-11-08|16:32:36|LG TV 65inch|Kroger|-40.02
2022-10-01|16:32:36|LG TV 65inch|Best Buy|-515.60
2021-03-04|16:32:36|Concert Ticket|Walmart|-987.07
2023-06-25|16:32:36|Laptop|Delta Airlines|395.50
2024-06-15|16:32:36|Medical Bill|Apple|-645.63
2024-12-21|16:32:36|Concert Ticket|Target|-667.60
2022-01-18|16:32:36|Coffee Machine|Best Buy|-329.31
2024-07-31|16:32:36|Coffee Machine|Walmart|330.20
2022-01-18|16:32:36|Streaming Service|Best Buy|730.10
2024-03-01|16:32:36|Groceries|Target|191.14
2021-08-15|16:32:36|Coffee Machine|Walmart|-606.94
2021-03-13|16:32:36|Groceries|Delta Airlines|-486.10
2021-02-24|16:32:36|Laptop|Target|975.31
2024-11-19|16:32:36|Streaming Service|Kroger|922.96
2024-09-11|16:32:36|Concert Ticket|Walmart|-892.73
2025-03-16|16:32:36|Laptop|Apple|-32.72
2024-04-02|16:32:36|Groceries|IKEA|378.34
2021-10-17|16:32:36|Medical Bill|Kroger|783.55
2023-03-09|16:32:36|Coffee Machine|Delta Airlines|-955.12
2021-03-03|16:32:36|Medical Bill|Apple|92.49
2020-05-16|16:32:36|Concert Ticket|Delta Airlines|-273.44
2025-02-02|16:32:36|Concert Ticket|Walmart|-721.41
2021-07-29|16:32:36|Groceries|Apple|122.51
2024-01-13|16:32:36|Groceries|Target|-264.69
2023-01-11|16:32:36|Groceries|Amazon|-475.31
2022-09-05|16:32:36|Medical Bill|Kroger|-582.59
2023-12-24|16:32:36|Streaming Service|Apple|-548.61
2023-09-18|16:32:36|Laptop|Kroger|-261.31
2022-02-27|16:32:36|Streaming Service|Kroger|-747.34
2024-11-22|16:32:36|Concert Ticket|IKEA|402.11
2024-09-10|16:32:36|LG TV 65inch|IKEA|493.33
2021-07-26|16:32:36|Concert Ticket|Walmart|-770.00
2024-02-27|16:32:36|LG TV 65inch|Kroger|-21.01
2024-06-07|16:32:36|Streaming Service|Amazon|-456.17
2022-11-01|16:32:36|Flight Ticket|Apple|595.78
2024-05-26|16:32:36|Medical Bill|Delta Airlines|48.55
2021-06-30|16:32:36|Medical Bill|Apple|277.28
2020-08-07|16:32:36|Flight Ticket|Delta Airlines|704.14
2023-11-20|16:32:36|Flight Ticket|Apple|767.98
2022-11-02|16:32:36|LG TV 65inch|Kroger|624.26
2020-12-21|16:32:36|Streaming Service|Target|49.81
2024-03-30|16:32:36|Groceries|Delta Airlines|-268.75
2020-09-19|16:32:36|Concert Ticket|Walmart|53.45
2021-02-13|16:32:36|Concert Ticket|Best Buy|-430.72
2025-05-01|09:45:10|wisely|year up |1000.00
2025-05-01|10:09:38|freelance|web dev|1000.00
2025-05-01|10:10:48|catch up|amazon|500.00
2025-05-01|17:36:15|wisley|year up|100.00
2025-05-01|17:36:57|light bill|coned|-100.00
2025-05-01|18:07:10|freelance |upshare|100.00
2025-05-01|18:07:54|dev|yeaarup|-1000.00
